{
  "step": [
    1,
    50,
    100,
    150,
    200,
    250,
    300,
    350,
    400,
    450,
    500,
    550,
    600,
    650,
    700,
    750,
    800,
    850,
    900,
    950,
    1000,
    1050,
    1100,
    1150,
    1200,
    1250,
    1300,
    1350,
    1400,
    1450,
    1500,
    1550,
    1600,
    1650,
    1700,
    1750,
    1800,
    1850,
    1900,
    1950,
    2000,
    2050,
    2100,
    2150,
    2200,
    2250,
    2300,
    2350,
    2400,
    2450,
    2500,
    2550,
    2600,
    2650,
    2700,
    2750,
    2800,
    2850,
    2900,
    2950,
    3000,
    3050,
    3100,
    3150,
    3200,
    3250,
    3300,
    3350,
    3400,
    3450,
    3500,
    3550,
    3600,
    3650,
    3700,
    3750,
    3800,
    3850,
    3900,
    3950,
    4000,
    4050,
    4100,
    4150,
    4200,
    4250,
    4300,
    4350,
    4400,
    4450,
    4500,
    4550,
    4600,
    4650,
    4700,
    4750,
    4800,
    4850,
    4900,
    4950,
    5000,
    5050,
    5100,
    5150,
    5200,
    5250,
    5300,
    5350,
    5400,
    5450,
    5500,
    5550,
    5600,
    5650,
    5700,
    5750,
    5800,
    5850,
    5900,
    5950,
    6000,
    6050,
    6100,
    6150,
    6200,
    6250,
    6300,
    6350,
    6400,
    6450,
    6500,
    6550,
    6600,
    6650,
    6700,
    6750,
    6800,
    6850,
    6900,
    6950,
    7000,
    7050,
    7100,
    7150,
    7200,
    7250,
    7300,
    7350,
    7400,
    7450,
    7500,
    7550,
    7600,
    7650,
    7700,
    7750,
    7800,
    7850,
    7900,
    7950,
    8000,
    8050,
    8100,
    8150,
    8200,
    8250,
    8300,
    8350,
    8400,
    8450,
    8500,
    8550,
    8600,
    8650,
    8700,
    8750,
    8800,
    8850,
    8900,
    8950,
    9000,
    9050,
    9100,
    9150,
    9200,
    9250,
    9300,
    9350,
    9400,
    9450,
    9500,
    9550,
    9600,
    9650,
    9700,
    9750,
    9800,
    9850,
    9900,
    9950,
    10000
  ],
  "weight_norm": [
    2.575082302093506,
    3.966587543487549,
    5.163429260253906,
    5.103245258331299,
    5.137089252471924,
    5.1901655197143555,
    5.2420654296875,
    5.1147847175598145,
    5.12740421295166,
    5.232455253601074,
    5.0797600746154785,
    5.148745059967041,
    5.141659736633301,
    5.205832004547119,
    5.273873329162598,
    5.3665571212768555,
    5.375425815582275,
    5.3952436447143555,
    5.533053398132324,
    5.592487335205078,
    5.67563009262085,
    5.775921821594238,
    5.986824989318848,
    6.053047180175781,
    6.07488489151001,
    6.215966701507568,
    6.219911098480225,
    6.338059902191162,
    6.315208435058594,
    6.186044216156006,
    6.379874229431152,
    6.3993682861328125,
    6.253964424133301,
    6.347330570220947,
    6.472849369049072,
    6.4124064445495605,
    6.548882961273193,
    6.502662181854248,
    6.521246910095215,
    6.572243690490723,
    6.6073198318481445,
    6.7133073806762695,
    6.664857387542725,
    6.695698261260986,
    6.778448581695557,
    6.916104793548584,
    6.818633079528809,
    6.7744140625,
    6.775432109832764,
    6.831674575805664,
    6.788326740264893,
    6.691987037658691,
    6.840860843658447,
    6.8000898361206055,
    6.76955509185791,
    6.8163228034973145,
    6.858621597290039,
    7.0343523025512695,
    6.913944244384766,
    6.821750164031982,
    6.842526912689209,
    6.929747581481934,
    6.952582836151123,
    6.956116199493408,
    6.978233337402344,
    7.019232273101807,
    7.034514427185059,
    6.9593095779418945,
    7.092379570007324,
    7.077488899230957,
    7.187248229980469,
    7.191345691680908,
    7.179997444152832,
    7.181110858917236,
    7.22262716293335,
    7.256341934204102,
    7.32802677154541,
    7.460704326629639,
    7.3747687339782715,
    7.4907989501953125,
    7.514066219329834,
    7.444939613342285,
    7.420895099639893,
    7.502291202545166,
    7.670756816864014,
    7.6759490966796875,
    7.762527942657471,
    7.779891014099121,
    7.901736259460449,
    7.940680980682373,
    8.050227165222168,
    8.09851360321045,
    8.1992826461792,
    8.146711349487305,
    8.200876235961914,
    8.314095497131348,
    8.367849349975586,
    8.309662818908691,
    8.319526672363281,
    8.418160438537598,
    8.511369705200195,
    8.572308540344238,
    8.574540138244629,
    8.716307640075684,
    8.751314163208008,
    8.871561050415039,
    8.882817268371582,
    8.894609451293945,
    8.966737747192383,
    9.000052452087402,
    9.035408020019531,
    9.142861366271973,
    9.187792778015137,
    9.17233657836914,
    9.277114868164062,
    9.332026481628418,
    9.378783226013184,
    9.363835334777832,
    9.49471664428711,
    9.562716484069824,
    9.55659008026123,
    9.571557998657227,
    9.609772682189941,
    9.698708534240723,
    9.687446594238281,
    9.702080726623535,
    9.82198429107666,
    9.833492279052734,
    9.929332733154297,
    9.999876022338867,
    10.022467613220215,
    9.983814239501953,
    10.143919944763184,
    10.130724906921387,
    10.187291145324707,
    10.160104751586914,
    10.243550300598145,
    10.296207427978516,
    10.282472610473633,
    10.297347068786621,
    10.274280548095703,
    10.36951732635498,
    10.38149356842041,
    10.397290229797363,
    10.455924987792969,
    10.499834060668945,
    10.476442337036133,
    10.486970901489258,
    10.522889137268066,
    10.52587604522705,
    10.586150169372559,
    10.633903503417969,
    10.620732307434082,
    10.637049674987793,
    10.63310718536377,
    10.68946647644043,
    10.71774673461914,
    10.674758911132812,
    10.67321491241455,
    10.688495635986328,
    10.664531707763672,
    10.732118606567383,
    10.75758171081543,
    10.82330322265625,
    10.871830940246582,
    10.865447998046875,
    10.892043113708496,
    10.90529727935791,
    10.929482460021973,
    10.996667861938477,
    10.964624404907227,
    10.982876777648926,
    11.013960838317871,
    10.997260093688965,
    11.080095291137695,
    11.051495552062988,
    11.119942665100098,
    11.015737533569336,
    11.090590476989746,
    11.039868354797363,
    11.093585014343262,
    11.050941467285156,
    11.104788780212402,
    11.078953742980957,
    11.073525428771973,
    11.106908798217773,
    11.095952987670898,
    11.145540237426758,
    11.172094345092773,
    11.160004615783691,
    11.210470199584961,
    11.174566268920898,
    11.185482025146484,
    11.216769218444824,
    11.172054290771484,
    11.239969253540039,
    11.246663093566895,
    11.194527626037598,
    11.240612030029297,
    11.21416187286377,
    11.230018615722656
  ],