{
  "step": [
    1,
    50,
    100,
    150,
    200,
    250,
    300,
    350,
    400,
    450,
    500,
    550,
    600,
    650,
    700,
    750,
    800,
    850,
    900,
    950,
    1000,
    1050,
    1100,
    1150,
    1200,
    1250,
    1300,
    1350,
    1400,
    1450,
    1500,
    1550,
    1600,
    1650,
    1700,
    1750,
    1800,
    1850,
    1900,
    1950,
    2000,
    2050,
    2100,
    2150,
    2200,
    2250,
    2300,
    2350,
    2400,
    2450,
    2500,
    2550,
    2600,
    2650,
    2700,
    2750,
    2800,
    2850,
    2900,
    2950,
    3000,
    3050,
    3100,
    3150,
    3200,
    3250,
    3300,
    3350,
    3400,
    3450,
    3500,
    3550,
    3600,
    3650,
    3700,
    3750,
    3800,
    3850,
    3900,
    3950,
    4000,
    4050,
    4100,
    4150,
    4200,
    4250,
    4300,
    4350,
    4400,
    4450,
    4500,
    4550,
    4600,
    4650,
    4700,
    4750,
    4800,
    4850,
    4900,
    4950,
    5000,
    5050,
    5100,
    5150,
    5200,
    5250,
    5300,
    5350,
    5400,
    5450,
    5500,
    5550,
    5600,
    5650,
    5700,
    5750,
    5800,
    5850,
    5900,
    5950,
    6000,
    6050,
    6100,
    6150,
    6200,
    6250,
    6300,
    6350,
    6400,
    6450,
    6500,
    6550,
    6600,
    6650,
    6700,
    6750,
    6800,
    6850,
    6900,
    6950,
    7000,
    7050,
    7100,
    7150,
    7200,
    7250,
    7300,
    7350,
    7400,
    7450,
    7500,
    7550,
    7600,
    7650,
    7700,
    7750,
    7800,
    7850,
    7900,
    7950,
    8000,
    8050,
    8100,
    8150,
    8200,
    8250,
    8300,
    8350,
    8400,
    8450,
    8500,
    8550,
    8600,
    8650,
    8700,
    8750,
    8800,
    8850,
    8900,
    8950,
    9000,
    9050,
    9100,
    9150,
    9200,
    9250,
    9300,
    9350,
    9400,
    9450,
    9500,
    9550,
    9600,
    9650,
    9700,
    9750,
    9800,
    9850,
    9900,
    9950,
    10000
  ],
  "weight_norm": [
    3.6273133754730225,
    4.328489303588867,
    4.801201343536377,
    4.993065357208252,
    5.502293586730957,
    5.647963047027588,
    5.944945812225342,
    6.460131645202637,
    6.692577838897705,
    7.00060510635376,
    7.398273944854736,
    7.595171928405762,
    7.503074645996094,
    7.7557148933410645,
    7.886226177215576,
    7.818515777587891,
    8.035582542419434,
    7.838974475860596,
    7.759291172027588,
    8.202072143554688,
    8.548317909240723,
    8.896546363830566,
    8.67097282409668,
    8.453193664550781,
    8.770305633544922,
    8.780147552490234,
    8.577497482299805,
    8.784943580627441,
    9.66923999786377,
    10.138598442077637,
    10.397344589233398,
    10.733642578125,
    10.770098686218262,
    10.713255882263184,
    10.783756256103516,
    10.68061637878418,
    10.696712493896484,
    10.771495819091797,
    10.308114051818848,
    10.369524002075195,
    10.693449020385742,
    10.510941505432129,
    10.984691619873047,
    10.816510200500488,
    11.378665924072266,
    11.538395881652832,
    11.555480003356934,
    11.821125984191895,
    11.330385208129883,
    10.842927932739258,
    10.777743339538574,
    11.17393684387207,
    11.888463973999023,
    12.154796600341797,
    11.899502754211426,
    11.783405303955078,
    11.777989387512207,
    12.226424217224121,
    12.398958206176758,
    12.490407943725586,
    12.53345775604248,
    12.47784423828125,
    12.560094833374023,
    12.828025817871094,
    12.931139945983887,
    13.06885814666748,
    13.457911491394043,
    13.555867195129395,
    13.73260498046875,
    14.284937858581543,
    14.497504234313965,
    14.335442543029785,
    14.323711395263672,
    14.741416931152344,
    15.035894393920898,
    15.286908149719238,
    14.824936866760254,
    14.625960350036621,
    14.604973793029785,
    14.856039047241211,
    14.945929527282715,
    14.930392265319824,
    14.763847351074219,
    14.944493293762207,
    15.260778427124023,
    15.559146881103516,
    15.14579963684082,
    15.567228317260742,
    15.496333122253418,
    15.997278213500977,
    16.305994033813477,
    16.325754165649414,
    16.3280029296875,
    16.475379943847656,
    17.2981014251709,
    17.512815475463867,
    17.65549659729004,
    17.577491760253906,
    17.930896759033203,
    17.792991638183594,
    17.972164154052734,
    18.283506393432617,
    18.273557662963867,
    18.39533805847168,
    18.44998550415039,
    18.844404220581055,
    18.910757064819336,
    18.44038200378418,
    18.426891326904297,
    18.269514083862305,
    17.95720672607422,
    18.248422622680664,
    18.947160720825195,
    19.170333862304688,
    18.89619255065918,
    19.181447982788086,
    19.11687469482422,
    18.902162551879883,
    19.586469650268555,
    20.1130428314209,
    20.512203216552734,
    20.685556411743164,
    20.942363739013672,
    20.777748107910156,
    21.045063018798828,
    21.230344772338867,
    21.35211944580078,
    21.50814437866211,
    21.455167770385742,
    21.248476028442383,
    21.256254196166992,
    21.44381332397461,
    21.344776153564453,
    21.430015563964844,
    21.72152328491211,
    22.016124725341797,
    22.19699478149414,
    22.5012149810791,
    23.056947708129883,
    22.991470336914062,
    22.940860748291016,
    23.307462692260742,
    23.890167236328125,
    24.018892288208008,
    24.218721389770508,
    24.48564910888672,
    24.873287200927734,
    25.188859939575195,
    25.690866470336914,
    25.56967544555664,
    25.490034103393555,
    25.518741607666016,
    25.63925552368164,
    25.685659408569336,
    25.57782554626465,
    25.72888946533203,
    25.703157424926758,
    25.754663467407227,
    25.434934616088867,
    25.26361083984375,
    25.64374351501465,
    25.78491973876953,
    25.795644760131836,
    25.712692260742188,
    25.487703323364258,
    25.533761978149414,
    25.584901809692383,
    25.70025062561035,
    25.639930725097656,
    26.11576271057129,
    26.262760162353516,
    26.165935516357422,
    26.14378547668457,
    26.365068435668945,
    26.736797332763672,
    26.797330856323242,
    27.49273681640625,
    27.553499221801758,
    27.607677459716797,
    27.398216247558594,
    27.181352615356445,
    26.75780487060547,
    26.840320587158203,
    26.96672821044922,
    27.007976531982422,
    27.30083656311035,
    27.22905921936035,
    27.096424102783203,
    27.733036041259766,
    27.53484535217285,
    27.308027267456055,
    27.066152572631836,
    26.59734344482422,
    26.99653434753418,
    26.441986083984375,
    26.54022216796875,
    26.657337188720703,
    26.549156188964844,
    26.588151931762695,
    26.96077537536621,
    27.887252807617188
  ],