{
  "step": [
    1,
    10,
    20,
    30,
    40,
    50,
    60,
    70,
    80,
    90,
    100,
    110,
    120,
    130,
    140,
    150,
    160,
    170,
    180,
    190,
    200,
    210,
    220,
    230,
    240,
    250,
    260,
    270,
    280,
    290,
    300,
    310,
    320,
    330,
    340,
    350,
    360,
    370,
    380,
    390,
    400,
    410,
    420,
    430,
    440,
    450,
    460,
    470,
    480,
    490,
    500,
    510,
    520,
    530,
    540,
    550,
    560,
    570,
    580,
    590,
    600,
    610,
    620,
    630,
    640,
    650,
    660,
    670,
    680,
    690,
    700,
    710,
    720,
    730,
    740,
    750,
    760,
    770,
    780,
    790,
    800,
    810,
    820,
    830,
    840,
    850,
    860,
    870,
    880,
    890,
    900,
    910,
    920,
    930,
    940,
    950,
    960,
    970,
    980,
    990,
    1000
  ],
  "weight_norm_mlp_layer1": [
    14.481001853942871,
    15.556952476501465,
    17.40740394592285,
    18.347341537475586,
    18.753704071044922,
    18.9580135345459,
    19.01803970336914,
    18.8331241607666,
    18.778602600097656,
    18.8248348236084,
    19.220867156982422,
    18.921449661254883,
    18.966854095458984,
    19.060449600219727,
    19.111345291137695,
    18.912172317504883,
    19.278491973876953,
    19.126018524169922,
    19.157976150512695,
    19.121728897094727,
    19.05015754699707,
    19.173479080200195,
    19.077693939208984,
    19.45575523376465,
    19.67217254638672,
    19.503318786621094,
    19.43107032775879,
    19.465694427490234,
    19.514631271362305,
    19.806604385375977,
    19.871063232421875,
    19.705591201782227,
    19.806720733642578,
    19.97001075744629,
    20.124704360961914,
    20.17911148071289,
    20.35806655883789,
    20.498510360717773,
    20.42084312438965,
    20.227523803710938,
    20.192018508911133,
    20.082828521728516,
    20.015413284301758,
    20.265064239501953,
    20.310855865478516,
    20.559505462646484,
    20.732704162597656,
    20.602724075317383,
    20.85799217224121,
    21.111974716186523,
    21.347896575927734,
    21.59291648864746,
    22.114328384399414,
    22.638038635253906,
    22.764049530029297,
    22.922170639038086,
    22.722606658935547,
    22.90629768371582,
    22.891630172729492,
    23.043643951416016,
    23.11956024169922,
    23.04026985168457,
    23.270980834960938,
    23.21396255493164,
    23.250999450683594,
    23.391986846923828,
    23.52044105529785,
    23.59575653076172,
    23.616580963134766,
    23.793203353881836,
    23.730371475219727,
    23.68115234375,
    24.056089401245117,
    23.8834285736084,
    23.762863159179688,
    23.969499588012695,
    23.843238830566406,
    24.008419036865234,
    24.00139045715332,
    23.95186424255371,
    24.01961898803711,
    24.20839500427246,
    24.29113006591797,
    24.32312774658203,
    24.32765007019043,
    24.439407348632812,
    24.48693084716797,
    24.55665397644043,
    24.92090606689453,
    24.776660919189453,
    24.986740112304688,
    25.187746047973633,
    25.144901275634766,
    25.507349014282227,
    25.397504806518555,
    25.523822784423828,
    25.6253662109375,
    25.554719924926758,
    25.68402862548828,
    25.780868530273438,
    25.93621253967285
  ],
  "weight_norm_mlp_layer2": [
    0.8984207510948181,
    4.211822032928467,
    13.759451866149902,
    19.458982467651367,
    21.517614364624023,
    22.223251342773438,
    22.444869995117188,
    22.518415451049805,
    22.594833374023438,
    22.63401222229004,
    22.656024932861328,
    22.658151626586914,
    22.6322078704834,
    22.65577507019043,
    22.648590087890625,
    22.64569854736328,
    22.6618709564209,
    22.663982391357422,
    22.63460350036621,
    22.646089553833008,
    22.620498657226562,
    22.63849449157715,
    22.62920379638672,
    22.627676010131836,
    22.596647262573242,
    22.440744400024414,
    22.461021423339844,
    22.554025650024414,
    22.612018585205078,
    22.629993438720703,
    22.612133026123047,
    22.597179412841797,
    22.60568618774414,
    22.604955673217773,
    22.58693504333496,
    22.56926918029785,
    22.30345344543457,
    22.31563377380371,
    22.4283504486084,
    22.487478256225586,
    22.55922508239746,
    22.59678840637207,
    22.53126335144043,
    22.521244049072266,
    22.51397132873535,
    22.5407772064209,
    22.561811447143555,
    22.584402084350586,
    22.579561233520508,
    22.627084732055664,
    22.606212615966797,
    22.627941131591797,
    22.645814895629883,
    22.622217178344727,
    22.382787704467773,
    21.99343490600586,
    21.935760498046875,
    22.24158477783203,
    22.19532585144043,
    22.110916137695312,
    22.271875381469727,
    22.40598487854004,
    22.30567169189453,
    22.386089324951172,
    22.26616668701172,
    22.399682998657227,
    22.47756004333496,
    22.541732788085938,
    22.481525421142578,
    22.549968719482422,
    22.51959991455078,
    22.4927978515625,
    22.557241439819336,
    22.36804962158203,
    22.254589080810547,
    21.963760375976562,
    21.550090789794922,
    21.724834442138672,
    21.8033447265625,
    21.852731704711914,
    21.956558227539062,
    21.84010887145996,
    22.109590530395508,
    22.04082489013672,
    21.942291259765625,
    22.013294219970703,
    22.14020347595215,
    22.19472312927246,
    22.32303237915039,
    22.146564483642578,
    22.277244567871094,
    22.28590202331543,
    22.142972946166992,
    22.264835357666016,
    22.18242073059082,
    22.04562759399414,
    22.13372802734375,
    22.134084701538086,
    22.179101943969727,
    22.142436981201172,
    22.059005737304688
  ],